0,32,null,null
1,95,null,null
2,15,null,null
3,32.5,null,null
4,0,0,1
5,-20,2,3
6,3.1415926,null,null
7,2.1078,4,5
8,1.111111,6,7
